node,port,peer,peer_port,link_type,pod
a1,1,e1,3,edge-aggregation,0
a1,2,e2,3,edge-aggregation,0
a1,3,c1,1,aggregation-core,0
a1,4,c2,1,aggregation-core,0
a2,1,e1,4,edge-aggregation,0
a2,2,e2,4,edge-aggregation,0
a2,3,c3,1,aggregation-core,0
a2,4,c4,1,aggregation-core,0
a3,1,e3,3,edge-aggregation,1
a3,2,e4,3,edge-aggregation,1
a3,3,c1,2,aggregation-core,1
a3,4,c2,2,aggregation-core,1
a4,1,e3,4,edge-aggregation,1
a4,2,e4,4,edge-aggregation,1
a4,3,c3,2,aggregation-core,1
a4,4,c4,2,aggregation-core,1
a5,1,e5,3,edge-aggregation,2
a5,2,e6,3,edge-aggregation,2
a5,3,c1,3,aggregation-core,2
a5,4,c2,3,aggregation-core,2
a6,1,e5,4,edge-aggregation,2
a6,2,e6,4,edge-aggregation,2
a6,3,c3,3,aggregation-core,2
a6,4,c4,3,aggregation-core,2
a7,1,e7,3,edge-aggregation,3
a7,2,e8,3,edge-aggregation,3
a7,3,c1,4,aggregation-core,3
a7,4,c2,4,aggregation-core,3
a8,1,e7,4,edge-aggregation,3
a8,2,e8,4,edge-aggregation,3
a8,3,c3,4,aggregation-core,3
a8,4,c4,4,aggregation-core,3
c1,1,a1,3,aggregation-core,0
c1,2,a3,3,aggregation-core,1
c1,3,a5,3,aggregation-core,2
c1,4,a7,3,aggregation-core,3
c2,1,a1,4,aggregation-core,0
c2,2,a3,4,aggregation-core,1
c2,3,a5,4,aggregation-core,2
c2,4,a7,4,aggregation-core,3
c3,1,a2,3,aggregation-core,0
c3,2,a4,3,aggregation-core,1
c3,3,a6,3,aggregation-core,2
c3,4,a8,3,aggregation-core,3
c4,1,a2,4,aggregation-core,0
c4,2,a4,4,aggregation-core,1
c4,3,a6,4,aggregation-core,2
c4,4,a8,4,aggregation-core,3
e1,1,h1,1,host-edge,0
e1,2,h2,1,host-edge,0
e1,3,a1,1,edge-aggregation,0
e1,4,a2,1,edge-aggregation,0
e2,1,h3,1,host-edge,0
e2,2,h4,1,host-edge,0
e2,3,a1,2,edge-aggregation,0
e2,4,a2,2,edge-aggregation,0
e3,1,h5,1,host-edge,1
e3,2,h6,1,host-edge,1
e3,3,a3,1,edge-aggregation,1
e3,4,a4,1,edge-aggregation,1
e4,1,h7,1,host-edge,1
e4,2,h8,1,host-edge,1
e4,3,a3,2,edge-aggregation,1
e4,4,a4,2,edge-aggregation,1
e5,1,h9,1,host-edge,2
e5,2,h10,1,host-edge,2
e5,3,a5,1,edge-aggregation,2
e5,4,a6,1,edge-aggregation,2
e6,1,h11,1,host-edge,2
e6,2,h12,1,host-edge,2
e6,3,a5,2,edge-aggregation,2
e6,4,a6,2,edge-aggregation,2
e7,1,h13,1,host-edge,3
e7,2,h14,1,host-edge,3
e7,3,a7,1,edge-aggregation,3
e7,4,a8,1,edge-aggregation,3
e8,1,h15,1,host-edge,3
e8,2,h16,1,host-edge,3
e8,3,a7,2,edge-aggregation,3
e8,4,a8,2,edge-aggregation,3
h1,1,e1,1,host-edge,0
h10,1,e5,2,host-edge,2
h11,1,e6,1,host-edge,2
h12,1,e6,2,host-edge,2
h13,1,e7,1,host-edge,3
h14,1,e7,2,host-edge,3
h15,1,e8,1,host-edge,3
h16,1,e8,2,host-edge,3
h2,1,e1,2,host-edge,0
h3,1,e2,1,host-edge,0
h4,1,e2,2,host-edge,0
h5,1,e3,1,host-edge,1
h6,1,e3,2,host-edge,1
h7,1,e4,1,host-edge,1
h8,1,e4,2,host-edge,1
h9,1,e5,1,host-edge,2
