src,src_type,src_port,dst,dst_type,dst_port,link_type,pod
e1,switch,1,h1,host,1,host-edge,0
e1,switch,2,h2,host,1,host-edge,0
e2,switch,1,h3,host,1,host-edge,0
e2,switch,2,h4,host,1,host-edge,0
e1,switch,3,a1,switch,1,edge-aggregation,0
e1,switch,4,a2,switch,1,edge-aggregation,0
e2,switch,3,a1,switch,2,edge-aggregation,0
e2,switch,4,a2,switch,2,edge-aggregation,0
a1,switch,3,c1,switch,1,aggregation-core,0
a1,switch,4,c2,switch,1,aggregation-core,0
a2,switch,3,c3,switch,1,aggregation-core,0
a2,switch,4,c4,switch,1,aggregation-core,0
e3,switch,1,h5,host,1,host-edge,1
e3,switch,2,h6,host,1,host-edge,1
e4,switch,1,h7,host,1,host-edge,1
e4,switch,2,h8,host,1,host-edge,1
e3,switch,3,a3,switch,1,edge-aggregation,1
e3,switch,4,a4,switch,1,edge-aggregation,1
e4,switch,3,a3,switch,2,edge-aggregation,1
e4,switch,4,a4,switch,2,edge-aggregation,1
a3,switch,3,c1,switch,2,aggregation-core,1
a3,switch,4,c2,switch,2,aggregation-core,1
a4,switch,3,c3,switch,2,aggregation-core,1
a4,switch,4,c4,switch,2,aggregation-core,1
e5,switch,1,h9,host,1,host-edge,2
e5,switch,2,h10,host,1,host-edge,2
e6,switch,1,h11,host,1,host-edge,2
e6,switch,2,h12,host,1,host-edge,2
e5,switch,3,a5,switch,1,edge-aggregation,2
e5,switch,4,a6,switch,1,edge-aggregation,2
e6,switch,3,a5,switch,2,edge-aggregation,2
e6,switch,4,a6,switch,2,edge-aggregation,2
a5,switch,3,c1,switch,3,aggregation-core,2
a5,switch,4,c2,switch,3,aggregation-core,2
a6,switch,3,c3,switch,3,aggregation-core,2
a6,switch,4,c4,switch,3,aggregation-core,2
e7,switch,1,h13,host,1,host-edge,3
e7,switch,2,h14,host,1,host-edge,3
e8,switch,1,h15,host,1,host-edge,3
e8,switch,2,h16,host,1,host-edge,3
e7,switch,3,a7,switch,1,edge-aggregation,3
e7,switch,4,a8,switch,1,edge-aggregation,3
e8,switch,3,a7,switch,2,edge-aggregation,3
e8,switch,4,a8,switch,2,edge-aggregation,3
a7,switch,3,c1,switch,4,aggregation-core,3
a7,switch,4,c2,switch,4,aggregation-core,3
a8,switch,3,c3,switch,4,aggregation-core,3
a8,switch,4,c4,switch,4,aggregation-core,3
